feature_0,feature_1,feature_2,feature_3,feature_4,feature_5,feature_6,feature_7,feature_8,feature_9,feature_10,feature_11,feature_12,feature_13,feature_14,feature_15,feature_16,feature_17,feature_18,feature_19,target
0.32741905109702485,-0.12393638647336958,0.3777071706343057,-0.6501227504061673,0.26756233460904194,1.2287811538628655,1.4188913568927781,-0.18597726012618207,0.9952423568540527,3.3816552467981005,-0.38311069239403805,0.644056268833836,0.10437549155330711,-1.7030236154312,-0.5100828058172193,-0.10881244046862393,-0.2301318278916168,3.722579646682558,1.4975379633047163,-1.4764846247417645,1
-0.8439811038062556,-0.01869095031696842,-0.8410180928427318,1.3745833822029656,0.15719914761945536,-0.59971917354745,1.7470339757568456,-2.032193919426693,-3.4439885923661056,1.4081949716409603,-0.3045831652005352,1.3609392999599879,-1.8447396764934874,-0.3410963886307983,0.13724303152980893,1.7047638805288654,0.4642547503322954,0.9671287723868869,-0.8428795748637489,1.3032583611094752,1
-0.20464188333427705,0.47215470014042527,-0.1406157543906997,-2.902493330480793,-1.5136649488032798,1.1495452809043922,1.991727221545394,-0.8091169066932752,-3.2435725205907318,1.5971780759487726,-0.2591289769934227,-0.27970053589795807,-1.4313910706105522,0.26014608972026537,-0.5013064592561919,-2.320545264374708,0.42221367854493735,1.4433964428166155,-0.07333455421645757,0.5868592421268786,1
0.20827372285223422,-0.1569817723850015,0.06336852205374026,-0.5457594447796139,-0.3954156398854063,-2.679968955383185,1.6257187913418534,0.39148487927371306,-1.6413272290492034,2.5099762500521914,0.33985221255542003,-1.0118540752384015,-1.1247945910292672,0.3472908399646607,-1.0788357119322518,0.04692308995661655,-0.9783241899213148,2.237481818076282,-0.6971335573328211,0.3395770640680903,1
0.7855683538289181,0.20847198131934014,0.7600819818122965,-0.046130174444987425,0.31084421113659727,-0.4039270419460062,1.9067651179497198,0.9621725828918726,-1.0209962707340718,2.1473603809509942,0.14652403777597553,0.3167918506300522,-0.2615278126013839,-1.260698370702177,0.8226999311400548,0.14103100674215713,-0.294804570701524,2.716363828423574,-1.1298754383182947,-1.059984349274203,1
-0.8861946280832657,0.5488137402664706,-1.8448244071583908,0.6380662629355341,0.023932157445814877,0.49186086064622236,1.2930143186052614,0.8110778643569214,-1.8234871841605265,2.5863041935994433,-1.9441914033695218,-0.7511444657659653,0.14861624859671294,-0.1856936982558332,2.102140016517016,-0.16683852361997228,0.08830236172419838,1.787884560069907,1.7664670285263504,-1.3739489321551148,1
-1.396230814633037,1.1753032051430248,-0.44487464028751117,-0.06102851014794061,0.5217567126352174,-0.1437746976066839,2.4122260312053316,-1.6394353595886229,-1.4549912934992175,-1.1288531542574753,1.601328365583694,0.8044542635985902,0.8019996241660926,0.4408531842082231,0.2993281324614762,-1.0496944957629875,-1.6384433533550105,1.5958199491785447,1.7341937127122655,-0.24444057019871504,0
2.518215096649652,-0.24251525491433887,-0.6325915030208528,-2.6138385379010263,-0.18087001863204943,1.2680514913746672,1.3922378082400766,1.686517698540743,-2.041825037215996,2.4346053720279213,-0.5805706187101087,-0.7572266843398415,0.47284094883622907,-0.37128377290707937,0.7044109269927568,-0.006120048805192938,0.541701334839444,1.725413459516115,-0.15078987029190716,0.0047070870007645624,1
0.711900507250559,-2.0169971051460913,-1.2569241738046584,-1.367868872556344,-0.33075436445504,0.06142770277891502,1.4473698874760497,-1.4378701609461544,-1.3786563238422394,2.4667883887447144,-0.9948592815564525,0.6372751413168811,0.6472961049693767,-0.15644627412760329,-0.34857809247243765,-0.5835739049502925,1.1024068321078857,2.1398602786436194,-0.03043653815095364,-0.6752228842475517,1
-2.0681954518565124,0.2679967872210492,-0.38418118763351344,-0.18309238053012863,-0.6098412026350818,-0.16208227849456663,1.9485457928216054,0.4576796932253232,-4.490567809830717,0.9809473257659089,0.8821623590602246,-1.534631271051051,-0.35115326303409544,1.2086209424455683,1.2266845979604284,-2.190441884337055,0.343396165436684,0.4813775604017365,-2.294159080038041,-1.489028008242106,1
-0.1491483227163475,0.3173062017417382,0.5150526097875712,1.3287736456614088,-1.5299397331576157,1.3369096863420185,1.3582527194857186,0.8967309483356162,0.0769756143306557,3.1119311820603173,0.4551777389507483,-1.2282518834466942,0.7642029964017921,-0.7413275620203378,-0.0032835635310742967,-0.30467566534001184,-1.0687092924933286,3.0642888081691213,1.2947122883718705,-1.5482657824544215,1
0.6162253750479083,0.21443097012857873,1.5657676908892233,-0.3954140839024825,-0.25271081755844466,-1.1455333611678022,1.8160851281403851,-0.31602245027974796,-1.3275917744275243,1.961210546696339,0.9283538471884273,0.12784317577046328,-0.5080836235873423,-0.9658198644030228,-0.01958064488501154,-0.3741838558665052,-0.9890655085134303,2.369529423788342,-2.306731567303166,-1.0956811361277592,1
-0.2217210359570328,0.8808382898565429,-0.9571097011472484,-0.38142425470050845,0.15174034611023884,-1.195191007943823,1.5782411219420287,0.7633190503670808,-1.4597666867960986,2.132299665474709,1.460446029995213,0.9150482414812485,-0.18779227334115117,-0.6300308128790343,-0.268661670999807,-1.9435304822327486,0.12958438213380252,2.100411798693225,1.2730586906274828,-0.9658346645439799,1
2.029168144691141,-0.9276527674194903,0.22859707226281498,-1.1919979938694232,-1.8199920714101034,-0.7538245676318935,1.7192450939733177,1.4246055407057647,-2.4181841053041975,2.006356435028331,-0.5366087918619709,-0.3600775114980909,-1.247119909034741,-1.4316203305431847,-0.7305802838254212,1.4799020685959932,0.7526593622682104,1.7255186428353544,-2.574891079743911,-0.5547194938484458,1
1.7572180602177303,1.1696134141364078,1.433461438842634,-1.0035335588744754,0.8718964278346745,-0.933693549943589,1.8406533075061464,1.208256577948054,-1.224602216538531,1.8807023434903911,0.11134377575867924,-0.28035514100582887,-0.6258230251263989,-1.2534640379379793,-0.8543950725506312,-1.1493657247157798,-1.7023469541934753,2.413684286844687,0.3918626384432629,-0.2154646569892491,1
0.07068953913372171,0.10725336151443948,-1.4858733103993143,-0.24688393541424805,-0.41258598856032824,0.23008044800053287,1.8817687585632181,-1.9438654894097052,-4.7471148414008475,0.9070026883561975,-0.9840454787031789,0.6741672565852652,2.4748347799058887,-0.881448461959579,-0.7743045556449264,-0.9159004570175723,-0.49645357749800345,0.23930620614947795,-0.011810244144032759,-1.2245765933021104,1
-0.6209626359788717,-0.5985856203245215,-0.40827318649586597,-0.5367719977180332,-0.5777524236538094,-0.6201485138578909,1.6410767938262807,-0.9713039503936458,-2.074427905642939,2.3168752188919846,0.12880998972448884,1.852776841662439,-1.3718252255218377,-0.69536230017314,0.6139528460885134,0.980142391745458,-0.19567416138985022,1.9487423412068983,-0.9499795234122319,0.535569418603563,1
-0.12339882295392218,0.3532708664897629,-0.03201885453828793,0.9407593551938388,0.9613839621389877,2.1875352245158024,1.8984334544617938,-1.2802804345937986,-2.451849250467006,1.8365337547146612,0.6750698167546383,0.3735080303509156,-0.31749053174241826,0.3974484908274788,0.5434449700714417,0.32397976655408783,1.0136545577268872,1.842311923238562,-2.8480718123893385,-1.72652985139566,1
0.5526228632180218,1.7153095881451161,0.8712902510727714,0.8046916081869403,-1.4190999931172077,1.320576128902951,1.9224745246784636,1.172255072836065,-1.967043683857003,1.9849718742301117,-0.8172694922127125,-0.9949828072480317,-0.4506868813664997,-0.04230208714615641,-1.4428806766382163,1.986874419847794,-0.7160255091709036,2.1832126265041674,1.467025991649525,0.5932363433684066,1
2.0907360986427044,-0.7370803176445623,0.16996994574483074,-0.2859312986084263,0.34348354898178074,-2.3759283303795917,4.477925553362781,-0.8447525489455708,-2.506190329800792,-3.2234330663505713,0.10251265007644891,0.2505130466909024,0.6519431879157851,1.6420036827869267,-0.07451027871185582,-0.1261460635617144,0.4713953052380664,2.545006141403633,0.696930721575638,0.8974187455947784,0
-1.00622014531943,0.6965348180237843,0.8274908533779297,0.31020978943283106,0.06625850799075848,0.6420077569727239,1.951317699939006,0.0007671609726451013,-2.7791646940737933,2.1876189914958326,-0.70902784615043,2.247543154464779,1.6649590318304186,1.4025044120308712,-0.8678617267592955,0.5034268644409451,0.7318885942526973,1.9000453659040948,-0.03511474778714947,-0.5225233517560487,1
0.41057600283285656,0.6697298724600818,1.5348943353640705,0.5842515359304681,-2.450541806486798,-0.8275316554840412,1.368714547524289,0.2721174779021954,1.5544071957481407,3.6215541028511398,-0.7764750727785074,0.6866604232939147,-0.3855821294346438,-0.36835767914712847,0.8566717420901532,-1.3141400420272729,-1.6332463382143383,4.05525294058574,-1.457134859328438,-0.10086946797879827,1
-0.39396365862948096,-0.10302195280987535,0.10258373190025782,-0.18185482334249797,0.9468935849283546,0.7254566661428257,1.6361056144065649,-1.5177341693252415,-1.4535343242976309,2.1287433074200774,1.4411366867264364,0.296991026859008,0.7947779274459807,0.777501593476362,1.0785724183320151,0.08305684167426246,-2.3511393823431654,2.1702065598722893,0.969669966520944,0.5131585677674942,1
1.3432324264956736,-0.4676079387294909,-2.2361497946171593,1.9473479471539885,-1.4552353561862479,-0.7827766578487869,1.5098258444572492,1.5539862864356315,-2.7855325227134715,1.95443447819491,-0.08898941577108001,-1.3849432712609537,0.9666799877895281,-0.8739665589265264,-2.057228662483969,-0.19505313389380363,-0.4776841590338619,1.2692918156476924,-0.6796109166509553,0.1821028992000345,1
1.1447119022163066,0.44150751361251633,0.4846960277049638,-0.39277232576857224,-1.4166615302741912,0.08048116890004432,1.6859248962317006,-0.17221049569963334,-2.553285882117721,1.9734217348911454,-0.23898450181048678,-0.21640396864706285,-2.5239558830990023,0.7246136237005298,1.002311058813624,0.6118751174226067,0.11935344481392283,1.6029636101140894,1.348074787771948,1.0580600439646601,1
0.00869895918951866,1.6241456673973622,0.520398269654142,-1.017328504619056,0.5560066218142051,0.49056255018030703,1.5196983391017609,-0.002059479040872438,-1.3557785243542222,2.2558047092863998,0.20469479133603602,0.6056183490056269,1.6461729548974573,-0.09935718467810194,0.4542052029522607,-0.834170989914723,-0.9297123183315453,2.140283581131746,-1.972334819947479,-0.528811405762391,1
-2.010606506226687,1.6757934921352742,2.6054336050775584,-1.9622340766099102,0.877311288027759,0.5910696662087503,1.9980789489317898,2.1131465739830206,-1.4415437044075783,1.9916735047371799,-0.7264691005671721,-0.7585006053127311,-1.6624586789219067,-1.8398789318671547,0.4085186526682901,0.7309033625025094,0.13306455289803584,2.5406876033301957,-0.20907845197090041,0.2331817443700231,1
0.22341587544384545,1.0404121146012981,0.038252868114709085,0.33570329381606623,0.024672999162448403,1.994188440895114,1.9071580545944165,0.5996217432476164,-3.034028303755819,1.614044144825121,-0.8088099644277336,0.29182488079354196,-1.4570289432472754,0.7566009610451616,0.09442601164756508,-0.9324995043927778,0.41482700338295675,1.4570734719493759,-0.1889341717129747,-0.7960934612480646,1
-1.0182089744141039,0.8391762347060384,-1.1587115162344277,-0.3575868153162025,0.7333462341442649,-1.3087053796815986,3.6931170221920344,0.5691491656780081,-2.6839083265280683,-1.9484687278844957,-0.035737260019295475,-1.0740155563692515,2.23344017597945,1.2674706468546302,-0.05363613566765904,-0.7950261892850744,1.1939147825248966,2.112234560997174,0.8459838357395666,0.48982118745316544,0
0.625812948332796,0.7077586255242112,0.5026916555623181,-1.363405976285673,-0.21971714635789022,1.0191036068037984,1.790999556957714,-0.42403062698005606,-0.8950364492781857,2.796010818658867,2.029534559787169,-0.4148409003915384,-0.8039386579176507,-0.1579933905715548,-0.5353784892893003,-1.49803502457747,-0.37418836481717677,2.939908387319774,-0.401447142420889,0.13571331102519132,1
0.9763426757530397,0.3563862881997956,0.07507756942850166,0.4689981569076066,0.7273371577600007,0.16728594930644936,1.6096949443739947,-0.5489222405968884,-1.8552662768195243,2.568221756403838,-0.18355055121986508,-0.5188557113882476,-1.8800400418439907,0.9982173952979658,0.3559864623911353,0.26225992792054253,0.5301260750119112,2.1372370143558,0.6185628269789275,-0.2539001368668555,1
-0.4339319471187405,-0.7562391439551556,-0.6451965056329942,0.14540711483862978,0.39930111971360577,-1.8090615724261028,1.6592591800489964,0.39131284612795225,-1.4752188276354516,2.210544410507848,1.8612184327743853,0.36724432869235274,-0.033395772587512265,0.37854523741944307,-0.8927880491113254,0.24783285616149525,1.0938922053720772,2.2239828472928806,-0.7249982333590326,1.8512949230998286,1
0.5680377176048456,-0.6286531086033472,0.0726265623510934,-0.21245450201666513,-0.42250467733247105,0.15692062691596834,3.875514329205107,0.3116309541002677,-2.454936787722857,-2.374703076188041,-1.7273151122957842,-1.2331197990184413,-1.3045233399933218,-0.6654920566015728,-0.3438474918936413,-0.6241107035549995,0.8974290352274807,2.2481243801105038,0.9460091783362692,-1.6664963077459587,0
-1.4090874949607906,1.0340494748811873,0.08397487760136886,0.4759905208984753,-0.19381002499837896,-0.04397832187505195,1.585894505434661,0.6895154501707494,-2.895043174380243,2.3436692067514633,-0.9327094346067168,0.6768687383505748,0.8501089820698925,0.23513632308300275,1.4210731058864492,0.6108585636992094,-0.6847503202131866,1.4817428150369834,1.9198348245732368,0.37323615618471445,1
-0.27832043408642626,-1.3309337563932961,0.19935581789248238,1.2496987144442933,-0.40816083739734343,1.1841947680508043,1.5018928694430878,0.6317572281432101,-1.3179561923574317,2.6140569176693003,-0.06940331587259699,-1.40567050804974,-0.7227489302153101,-0.5098151020573494,0.7075611436748603,-0.9278733649208499,0.4125299801356298,2.302159453890826,-1.2289515854064692,-0.6464449741340571,1
-0.849036096028401,0.27900736709027607,0.9036201316932343,0.4399393106542643,2.383450988839877,-0.9982650194466361,2.0133518413925966,-0.5464085409640829,-1.466146690535612,1.8004522828198541,1.6855281375900828,1.3768701460288315,-0.3931051023707052,1.7700249964564374,1.7298113386511131,-0.3952296997970834,1.2752596929347597,2.4588634275461385,-0.46499401549190217,1.506763505824899,1
0.1757372311370209,-0.08163655500006178,-0.4852540084019516,1.683238426482841,0.5846847062106515,1.2880181312748535,1.5203303532890238,0.7571932755612187,-1.6712431179686145,2.127180366069242,-0.17044144123968827,-0.6936359147556266,-0.8105808078623161,0.5860534447794956,-2.706313978107123,1.257433171130908,-0.8475084217278209,1.9230154370238124,-1.2982607458251927,-0.08681981213848683,1
0.7504182464268713,-0.2518976210557405,0.03825761116720042,-2.2326883107164304,0.13410216744355732,1.139772150085573,1.731467416549828,0.48343671618152523,-2.0074150331378835,2.645187435152698,2.1093758594367475,-0.7024745801648861,0.383044774938251,1.1880556175394736,2.4913285644538665,-0.38559204274407455,-1.182012238320477,2.2393236297449057,1.0587256132633358,0.8032389662389919,1
-0.7176816051224065,0.48863292703274896,-0.5405407934688258,0.8271391881306613,0.9328475469254567,-0.4332148253878318,1.7758002232933119,1.211309100098175,-2.4749815631943886,1.6666638652928847,0.46896648144105085,-0.2502867402118734,-1.736243519258142,-0.4426382180616658,1.5753651384522298,-1.1357390144909847,-0.5231423204604961,1.6082738009950464,-0.026226136604769103,1.3312179185434478,1
0.806600630705909,-0.7304362450312911,1.1930803432139827,1.19013883447026,0.9250139157616419,1.3628519755067559,1.7201424597448876,1.1231333080795962,-0.8444643494316184,2.529482038019782,-0.7079771902044746,-0.9764512280492968,0.3989537577306051,-0.23378936831289,-0.7466076187227205,-0.34190249232877334,-0.5587750726766658,2.7599647458005165,-0.10669098616341048,0.1721356201746579,1
-1.295205273954557,1.5367566410673754,2.4488311498252298,0.9662339679139834,0.4869735426830599,-0.6705259093309288,1.7627962143267055,0.8525186517105096,-1.7500737136426752,2.404796337505325,-1.3225228587183355,0.9404987896317525,0.2814520963201812,-1.6211243902985655,-0.31618182024917557,-2.1347004871692206,-0.43038907211816585,2.296251736866108,1.2445403642262538,-0.7709887819473324,1
0.3653725685553105,-2.122753048760263,-0.34942095304561666,0.28294558030934314,0.7741522804884576,1.6983595867920138,1.4500944775557225,1.3569003373042507,-1.0816803874800578,2.479538394672282,-0.5190587583476345,-0.9709720262042133,0.9838069386537458,-0.5929622015253602,-1.1026446456204613,-1.5555076009568818,0.46671490903547147,2.2987791758143055,0.23034660638360474,-1.5286342361964724,1
-0.8799732516729577,0.1396997280589759,0.08581475495812863,0.987404493121301,0.9206864583762577,-3.2777657806355336,1.6115255324677553,-2.1258707595606086,0.9550310912980455,2.8913961956921077,-1.3531912754470006,0.8017431129030261,-0.010166732100910599,1.3787195389814875,-0.9840578337424415,-0.6283955764249333,0.10755894348020284,3.7054270011980854,-3.6709384578156983,0.7451788610918847,1
0.01884486652770345,-0.10830253457762727,-0.9426266492639117,-2.678222252036503,0.37599196191392087,-0.08579941263391269,2.1498854555570968,-1.015903161020055,-1.8864410850107973,1.085017587553231,0.5634449623820103,-1.4763202561113304,1.3656407561409847,0.6556596264604909,0.39686135842573667,0.720073240880789,1.0636599043021837,2.0807473352245243,-0.3019904228627512,-1.0931722359054037,1
1.1897000835926943,-1.4819286020039582,0.829495314405114,0.0393505220846886,-0.804579505456866,1.44321675576435,1.5380479029160083,-0.6137357992054333,1.133634843746703,3.207552052834224,1.42526356011401,0.6303156998713485,-0.6769172211830339,0.5329732245501079,-0.41535593118547265,0.3665135528041397,-0.15644949583311657,3.8534152794898815,-0.16667382232490865,1.8620404843676543,1
1.1488617038339433,-0.12567460987906479,-0.5870714733560998,-0.3038600776439011,-1.0932294986544973,-0.297320975149665,1.7088662931876204,0.20122427728297995,-3.148879449002598,1.6737902875511694,-2.0298870510723575,0.1417420983086974,-2.1665442664164862,0.8200326756580081,-0.28079725171475484,0.15330240178392077,0.48324996573323714,1.1924597938587451,0.22963562915896907,-0.0837132388971355,1
-1.8848945476784607,-0.8985282201685736,-1.316812314638127,0.6727045328742369,-0.33891046598235214,0.8463213108079,1.6564321843808631,0.38079920471926876,-0.8166323000932345,2.5030166485926286,0.11887078612960052,-0.9141291005835187,0.2088050856929853,0.5700551226379263,0.2117617164800696,-0.42449249317325743,0.8287386592016267,2.6867373933589267,1.3107954169598646,0.07780476984609219,1
-0.13866616456856262,-1.4471656330925353,0.6773584340581125,-0.08420276810861371,0.22321294035226827,0.7331515174875857,1.763552961035035,0.527765517183573,-1.2603979656628068,2.2282850169134383,0.6417642776067394,0.9194238617890035,0.6744147872231807,1.6251723374011053,-0.9639320569271776,-0.09847245983009117,-1.4631280253108776,2.4635659077515326,0.7609943175463721,2.361944037840428,1
-0.8042917728188216,0.9280380197810973,1.0314709397832953,0.6745386431401001,1.6694843674119393,-0.44979837115587784,1.693536329004044,1.9728938147021329,-1.9100356517260144,2.4458380747568516,0.85308279236861,0.889458983661858,1.0481075327992788,0.5915348188192674,1.0933426518226768,-1.2111969484180247,-1.5534388392359268,2.1525674773340624,0.15791649146706455,-0.35016093573081236,1
0.0057596516426052565,-0.32383629523875007,0.6349041130359458,0.7350377362102979,0.44808400875590365,-0.4002940505942041,1.8716793223530093,0.45475345752609697,-4.074826498060678,1.3706024349938906,0.03146083671947802,0.3219659932472192,1.5897091894060251,-0.01975388993362028,-0.04790453148799935,0.8016429916285874,-1.1089903722414232,0.7786480535378044,-0.3373975161891612,1.556868279864789,1
-0.8139452726548604,-1.7391454165027047,-0.12968818319405634,-0.2722762951363085,1.0296373438248847,0.3765464602905581,2.9309826058978947,-0.21313096864325726,-1.771658332508592,-1.6923611088346215,2.5378976874942487,-0.9118712576665294,-0.933083950814762,1.1656869406343693,0.030279691434800637,-0.31059280584587257,-1.0229147371529128,1.7904567234843747,-1.0376864065448004,0.20698512865525184,0
0.750842933057568,0.3209108305390477,1.4740122803482394,0.9796478463203625,1.1884631716646077,2.2027459675788252,2.8717333903021385,-0.25791779169266876,-2.70848412699243,-0.8065713849797953,0.10899375520977905,0.46103755555825554,0.5794642377564727,-0.09800878464082384,-0.44942869472807345,0.42987132582326754,0.20767358300691088,1.6527536458575054,0.2705214153090809,-0.5792281711715259,0
-0.19645773876182462,-1.5600879516608979,1.4043301331361928,-0.8726054962580079,-2.197018731326924,0.42642196313700087,1.7630350385454014,0.2733450879298238,-2.2919433483108747,1.7696430143292288,-1.950698584193035,-0.3391989658818045,0.2176182741656123,-0.30496109459408566,0.09879915398349003,0.7235412437491308,-0.5368047542442385,1.732668954798443,0.7950288401831721,0.37895821692221077,1
0.7479265722564168,-0.9561200202454118,-1.5732854142884314,-0.9867256408287188,2.2494133886224894,-0.7875545228156886,1.716736234996602,-0.8344482240852643,-1.2462131080926664,2.3490596597353104,-0.7310890057405024,-0.2564906185267433,0.8416609207528528,1.453551742701467,0.035926212389801954,-0.09917588985180702,-0.24535506631838766,2.470704157679049,0.9498646980367389,0.39422622537001967,1
-0.12753372641106644,-0.7710378230037961,1.6104070198567095,0.3539127277761867,-0.07248162740828873,0.18905933897819774,4.146227861149185,0.439738107303973,-3.2816617317739825,-2.0544447279251705,0.36811797099000027,0.9874881027111185,0.23274897695539748,0.6424022418910298,0.3918953423399838,1.2130591950703935,0.43865905434637936,2.2967479424483295,-0.740730329627953,-0.14523659090629867,0
0.6074945484787744,-0.34202963334403097,-2.864752101211989,0.6484687576069829,1.1829887960764756,-2.2571920829725984,1.4988674592687508,-0.24820328234159425,-3.1584704600155256,2.2186394951594752,-0.5051971998566365,-0.7645802087992732,-0.14352394662858486,-2.0211471277013766,0.3758320773844697,-0.09040517673732462,0.6847204624177318,1.1889491093231845,0.5242350574669069,-1.066375139427811,1
-1.2103888192686605,-0.16619998376686854,-0.10038675284229649,2.0671143187805083,-0.9286511131420393,0.6371302833419492,1.512359729864076,0.39276829665736623,-0.26186569518194336,2.8200437896857586,1.900173501340476,-1.2497129130725615,-1.6932519824229528,-0.6756987720196022,-1.146830174688969,0.05816334535345529,-2.4546555289190173,2.9416656199853755,-1.1367615909480975,0.3750164930682555,1
0.03789698067948006,-1.7026256008840808,-2.0524102506641233,0.8537025908113632,-1.5138704542204866,0.6277063812063468,1.6639838210230367,-0.6497008562665106,-1.015040371531116,2.2369737909262497,-0.10971221274864912,0.521880076989593,0.4662846192708031,1.6354736782465926,0.01747010894415464,0.4409585297876771,0.38911964852296865,2.473879321743431,-0.7456222452436592,-0.20523372016814392,1
0.4388736131388875,-0.832359186498815,-1.1314176699578309,-1.928143954630671,1.3791620880548607,-0.16229677469643708,1.8128521641417015,1.0943699949720347,-3.572062388960039,1.8867547394144137,-0.8676906163017815,-0.3449189029362331,-1.4004201224493305,0.4403826321365665,1.0799411561550727,0.4982671204249608,-2.147486910260032,1.198957243419402,0.006475724173430666,-0.0002860414267999943,1
0.6426231247747849,-1.246392678329809,-1.7729538418802846,-0.13900766803418838,-0.5008570373210983,0.196569122162819,1.606277593104364,-0.13031039653564824,-0.07924933329537676,3.0387326976167155,1.3502601252866375,0.4269022688040212,0.7622541124967885,-0.8601248994820895,0.26474205136855467,0.03784287129439384,0.8681690620590967,3.244629235902776,1.7055686436197717,-0.7019170190555059,1
1.0132696529799827,0.4781616351120516,-0.5299903509972053,-0.1992649651117608,-0.013292805524640966,1.4449307728769447,1.7475185469083723,1.1953797058871325,-3.612153032047655,1.235306118451258,-0.9417898458542171,1.1252797222359863,-0.2116101179082785,-0.6276514889056829,0.7219638935129328,-0.8552692281599926,0.9425688775663278,0.8037862700721652,0.20230631044129277,-0.5757214456395917,1
-0.35784429171388815,-0.7911710152941368,-0.5567078695133076,-0.9860369261594428,-0.45823399304692963,0.6466140363789205,1.7365145737694119,0.6859784115563606,-1.246457312252185,2.741381149164577,-0.24323324167608404,2.221644320420461,1.6218201238385601,1.3059123454718442,0.6038719118595403,-0.760574662766824,0.10249748318254871,2.6732917922518595,0.2613931269953657,1.624353806087605,1
-1.1766433249724848,-0.9888222668179548,0.1543895934067978,-0.21190473511225272,0.23908718310078522,0.32289809976806255,1.986638002179583,0.372962879478275,-1.627020074747965,2.2631987644338567,-1.0961756304108237,-0.10756115250067495,-0.7847747297482636,1.0672209155514452,1.1582026295320684,-0.2470426291946276,-0.6120796285340955,2.557728516391583,-0.8932913872181046,-0.4325732639407057,1
-0.6910446581629953,-0.00949210683405613,-0.3948740922755691,-1.2546888518879546,-0.12635586402992496,0.4347686978156707,1.6865132503801807,-0.44873649983762065,-3.663095210859212,1.523804223276556,-0.06336779042649732,-0.6977851560073373,0.11138749353860478,0.9155914429260206,-0.7323488398818664,-1.4415894840099768,-0.2991800826619874,0.8380006664066284,0.1529537188751981,-0.19418242552251705,1
0.22111284549060975,0.35489055934530633,-0.14495035931476472,-0.1769457794344859,-1.0902469735443123,0.3614448614830221,1.8448069212500937,-1.2628788561654198,-2.760600721967481,2.186156838270134,0.29826984380932425,0.03098537531797978,0.4968045686060855,-0.3926729353260956,1.1104827871924814,-0.44751376116433333,0.08226765017380192,1.7830712921358989,-2.775039629614809,-0.23791357587430517,1
2.221160257189835,0.048674161364749245,1.6514052576505966,-0.6356983076846641,0.06825426948529786,0.13163690568267974,1.766302916192649,0.12277980999919053,-2.123908337464997,2.290024933480863,0.25730557484385835,-2.0164173212169025,1.0582739255699347,2.729024040429658,-0.5527102936042346,1.916876596364044,-1.152477812284519,2.0592516586190825,-0.1013356176990534,-0.9120745843978968,1
0.14551709886287795,0.37537769400826315,-1.6444164966138455,0.3024671041766661,-0.34966796909641906,-1.2348173050296383,1.780120168979726,1.590357811260379,-0.7012454284285785,2.341338355526195,-1.1855716956382978,1.9153851996383167,-0.7127657473612785,1.192346093356423,-1.5331875704792994,-0.3608858327105562,0.6599286672441892,2.816990345432809,-1.2339466382023216,0.30377104662612,1
-0.49016542502566157,0.24985247410128347,1.8523446872074234,-0.6413800288450656,1.4011649299306195,1.4644209802153643,1.727117269801151,0.02036144261589801,-0.08814774815725301,2.551119669992361,-0.1441686483708927,-0.3822958102745657,-0.6247712752751051,0.07461280041692793,-1.6149008738873782,0.3246846683809478,1.8695009698942229,3.1597772338778194,-0.37735420411982995,0.21876318856371968,1
0.2805542414194686,-0.7830227531745472,0.35716061383080444,1.595632761344476,-1.0142434235654598,-0.8173845785106173,1.5415809755113852,0.5061295851320189,-2.7078600152997705,2.129932484636054,1.980629236421301,0.9066028763143105,-1.3132220844251865,1.1020436534264346,-1.4564342408582345,-1.496458220276002,-1.9372402137720621,1.426199029661428,-1.3444987196445999,-0.8478212340368927,1
-0.6211932079456722,-0.26038704333736207,0.24943255583695265,0.3801221943427941,1.6270514003346215,0.9017302286221696,1.6558975226971573,-0.5162513373171707,-2.774263523446141,2.1982848249211395,1.3015348975645982,-1.0436666596405095,-0.39814317465798554,1.0798811748591175,-0.32611950890583796,-1.1265667593569866,0.3483288935642242,1.558823124410615,0.45387797435850924,-0.20821251399331844,1
1.8105385855516918,-0.7036523547502513,-0.46656259366675823,1.4983307273244098,0.43188524234729503,1.6462815559328636,1.7379366530047655,0.2444538244541977,-0.13469524637719732,2.4343677273464466,0.8360116750971118,1.4919657753146924,-0.4275157139532444,0.5004362647435815,0.6308408637463652,-0.3318250055676208,0.5901148274067317,3.095671783300169,0.6503666867451043,1.7645635951678864,1
1.1217268343301676,-0.5354130605858858,-1.402790183305026,-2.1751367744332164,-1.8081818484107846,-1.3633724701444687,1.7508021675246783,2.1058424805160665,0.025897578596266957,2.5148663172709393,0.08681261453568138,-1.17699505598789,0.2933240339896922,-0.36462036358941896,-0.13393221114269938,-1.110456507955353,0.10529745134550089,3.228703242218239,1.5609121878086338,-0.09228519071321244,1
1.57559691850095,0.14067117258512365,0.9366470843110685,-1.1463606290328092,-0.03773966664856112,-0.2634355439458519,1.6935171284091448,-0.8139976408091119,-1.987155515276518,1.9828975598495442,-1.6004634024276203,0.1503910148754774,-0.2862840205800969,-1.4684279203420745,-2.4377440501382615,0.5542551625038272,0.4586689081789505,1.9019629271058984,1.9501512180426268,-1.0574714111856398,1
0.2815531843517185,0.3173532533270612,-1.7709669516893092,-0.79514027504742,-0.900729785175201,0.21085236774164018,1.2503008705562995,0.47900986869745404,-0.5680599651032792,3.1359110714995495,0.6272373936397565,0.17355509457188154,-0.05020669348404918,-1.1335930573713011,-2.3486692843051493,-0.902067648109754,-0.45676524706935073,2.6223484516510283,-0.20809037922760212,-1.401250380962789,1
-0.08138554075859655,0.7171096362513404,0.6370881074930963,0.5877860808887454,1.2250171237200242,-0.18868163431430562,1.6725660361020251,0.40167068145622625,-0.688442180047431,2.484616975553703,0.22907218281468686,-0.8214566412074511,0.043009936938141556,1.2305425608293041,-0.5596318153315548,-1.3131896913175074,-1.0706920343037774,2.7620551256932795,-0.868704892095508,-0.505611002807493,1
1.1376629708779595,-1.117014976232094,-0.5148202200735128,-0.467861531757174,-0.577793742761242,-0.9551009897216814,1.5854102250606377,-0.6452974918253693,-1.4197114590982405,2.4102786755658885,-0.16145506717932195,-0.766697899328579,2.0776181376610077,1.6732106174438213,-0.5528069376197786,0.7309987125163472,-1.1772729085236557,2.25618069679413,1.4114505173642091,-0.4581491043234954,1
-0.5506962508578946,1.69086910055051,0.042597781509346525,0.7397537467421585,0.9353838335576595,-1.9810890224791031,2.0089522227617973,0.601803646668391,-3.3063943658207924,1.0344375593050266,1.0361988167537513,-1.1377447777841,-0.6665342968812671,-0.40056595753971536,-0.9406170308502548,1.6152631449367911,0.10479707412478151,1.1747247088315333,0.336581684902632,0.4191072147453767,1
1.8331883217283165,1.3062451464524176,-1.1231407710015648,-0.30643251573446606,0.10892427216567503,0.8621639766627155,1.7791850004127194,0.8250202356121781,-1.305881512841819,2.6985420520270527,0.9900131158606909,-0.6288331783775647,-0.9450375296206831,-0.08283260147400417,-0.7609487700153685,0.7202597401025191,0.31402355848088437,2.674063382009558,-0.6465059749622297,1.443162489636968,1
-0.3524266454625575,0.10144047996274728,-0.46138482656518676,1.3046555180448207,-0.5889912687144856,-1.8186668343488632,1.6813520247171383,0.2918442581772225,-2.1850815062228772,2.281556965054953,0.3686053917187774,0.715990350093373,0.5208233709564508,0.8226995171170904,0.2937140148181544,0.019224796131214816,-1.4041536648727095,1.9242725025845713,-0.8479540529518159,0.45748406757804894,1
-2.01388298402933,-0.8706671391068072,-0.1561554235553482,0.7629821276941712,0.33882764112371017,-2.797536403579085,1.547182045876661,0.16107458250955894,-0.4018815110092733,2.8346268700264194,0.36509199473360854,0.8301499211768244,1.4039140131989207,2.7066778546476895,-0.18019680963223816,-0.08484885351565125,-0.24333155794776462,2.9187590460038764,1.3386809478526918,-0.513165286144599,1
-0.41494323842655606,-0.6508080384031327,-0.5052337263579871,1.9921484397244287,-1.2604693221549321,0.22753982613120158,4.141255966041098,-0.49800892305212396,-2.263854304191778,-2.925415850611621,-0.9049165383789172,-0.08473713799384003,2.4606964355325256,-1.0322724955289952,-0.40240270109736176,0.6088172907643216,1.2048344499910182,2.4063194147600986,-0.2732125769488872,-0.8238098201361772,0
0.580053859359617,0.5101966279945683,0.26788157756473746,0.6914563553810168,-0.9531547904916781,0.18812427061079018,1.9944113944893913,0.4402317789906593,-3.1877495409792918,1.0291325299349499,0.6023794315766262,-0.9619642234197375,0.49644268099442956,-0.3168891990576701,0.5419265772479666,0.9838707389734325,-0.20361597544710516,1.2150185722194484,1.9012260453795526,-1.5683846816032692,1
1.1076230794580448,0.17505102658603058,0.8938271310037675,1.496754101788535,-0.8116772442311068,-0.6522517920076275,1.8205877943373392,-0.9317654423394113,-0.39167823682930636,2.616701024109252,-0.32952581431901967,1.476279465792209,-0.5656502909057471,0.27403458915343354,-0.9614808962757727,0.30885685981304184,-2.2216016689654516,3.146867043390862,0.2744422227055663,2.0261960181250873,1
0.379664605606369,-0.16538028797020007,1.7097570767909154,0.5676702297138024,-1.9834434366764466,-1.7110342204053406,1.8109699556836039,-0.08084965799126984,-1.8218597574071245,2.5312193713877775,-0.5956149046950013,1.5240714277851333,-1.720914163721072,0.34178685873755066,1.4636655904551987,1.0565210241286358,-2.3905914235126513,2.3746667996377115,0.9810916256011183,0.25377734304992955,1
-0.9501958877016783,-0.9861351445024485,-1.5619642817237784,-0.356591887721892,-0.004851951901765421,-0.7086758794422027,1.4485680554953198,-0.5647681888558815,-1.8970309941241303,2.4104635804183756,-2.063580953109929,-1.163113231902635,-0.019505497673022506,1.1519141389990548,1.7138985159544535,-0.9942923231237857,-0.24823602424658608,1.8539138601850276,-0.6740332192835177,0.09298756141558283,1
1.4115939072004124,-0.23561494706781713,-0.5801884964443045,-1.6002353347706197,-0.20593195053732563,1.1281798392243378,1.6113398291379988,-0.4792097535109701,-1.514172113394303,1.9340889061034447,-0.4933737963965028,-0.02125158243220617,-1.2067026945878883,-0.005576062566122525,-0.3024657379201661,0.6941975872329825,0.0005599292294195161,2.021384586668924,1.6114993603172107,0.11973843903754441,1
1.0352341737670248,-1.6272729018510432,-0.10562365153316736,-0.8615751491713792,0.9122843084199481,-0.7944275224508682,1.7088875346736194,0.3464236128026078,-3.3452000227468814,1.179329324228919,-1.4237447929477383,-1.4158137222389484,0.6442954870834356,0.05312522143977246,-1.1948214418598873,-0.11603809883476669,-1.242083114063582,0.8673344993421293,-0.9753556398521968,-0.18300553263613414,1
1.4244787055757686,-0.2025591733646581,-0.15618527260833248,-1.362899483434564,0.35496384736258707,1.3078196298848128,2.2286510247690163,1.4788530337779244,-1.6413622931080498,1.8994599429026289,-0.9186703070731156,0.03953787712133656,-0.355501223464441,0.7778912912939854,1.189966549883788,1.1367648661702285,0.6230685606997673,2.669740830001686,0.2178751772176078,0.679545985670203,1
1.9325636922883356,-0.9475094223070063,-1.1179994388843795,-0.9940640134558973,-1.7210179461954453,1.4441608119447156,2.436266029548801,-1.9571856714444198,-1.0398417001228761,-1.5211257978478616,0.2454143014861736,0.6760795551142138,0.47995606752283354,0.07227318140538276,-0.7204271444864374,0.368105791434872,0.7022265952244501,1.6543468140481261,1.0096190571209611,-1.166208670858775,0
-0.3208964697557583,0.489073598520975,-0.5126693475244942,-1.2895465313312304,-0.46142758296479414,-1.1175924768997045,0.9149569373948644,-1.4538734121169978,-0.7028855947242214,0.36691990939301533,-0.07518360031779196,0.24388081457711958,2.2833974487576163,-0.8385490972238043,-2.4867593247703264,0.32605755127312325,1.1185192963322346,0.8926115556087433,-0.791577964129148,-0.013394970498739327,0
-0.3241715178991934,-0.48602219596406837,0.5072135720842849,1.677900383056343,-1.2380195714476983,-0.7585108168089743,1.831126471949808,2.51482437226685,-0.18233681809657676,2.4029855083537566,1.1659392363120333,-0.08020379716548424,0.24971643265606874,-0.6671020665029284,-0.5788431099431461,0.624342086679048,0.13361236797591577,3.167236779539464,0.10705198503071196,-0.9233275005473975,1
0.543642740485789,-0.12032396336201633,-0.1987181085112872,-0.3491170064849921,-0.5168792333039814,0.09877558366464124,2.1741864847867474,-2.0834567411242038,-3.274105421639396,1.0160710265926047,0.2742916157039835,-0.09661447957231692,-0.024244931195167265,1.1111856131607394,-0.3039418006066792,-0.1400317269405776,-0.2201208996328455,1.3775858089197675,1.9743107695039495,0.0027445707919521666,1
0.22503923003594176,-0.5933162036995052,0.22143947063527425,1.0661730841847346,-0.18614256871446194,0.6718044338859122,1.9826509537101926,1.4444610240695266,-2.345880694555134,1.2094277510997555,-1.3116955285024783,0.5973570823791328,-0.15060193370903005,0.563942294990083,-0.20697465265078563,0.531405442119912,2.580143206970169,1.7084406734599606,0.5720808179814482,-1.1023743769306884,1
-1.0651632171062762,0.6319795458777745,-0.5310220792158004,0.9021223673739847,-1.3635730648126372,-0.42107113867414864,1.6627151486859388,0.48309801141490194,-1.9997496804511787,2.0491404170967478,0.3277146745805116,-1.096968320900879,0.3138743848701989,0.7764300822689417,1.9166172610549417,-0.21423758329875597,-1.8232677497552618,1.8895501738285596,-0.7705830423307464,-0.22760386741789954,1
0.36800624171097884,-1.2278799854531934,-0.8413015063108303,-1.301796142501524,-0.33563296555787414,-0.12114552227865837,1.8273368871285136,0.8443953646873261,-1.2811023190427586,2.023398864826521,2.7056411494250168,0.06572052751369213,0.10344162603952137,-0.3267379681787951,-0.5653900170189707,0.06048590785620636,-0.5993216908735672,2.4347006371696978,-0.36079040412588775,-1.9983006869396738,1
-0.21841400673811803,0.3936992421181152,0.6537770166704127,-1.3129499689343096,-1.0250314826091609,0.13484894494169547,2.023798554865063,-0.8042993802964711,-3.0058491991098526,1.0775691665879468,-0.6810234018696161,-0.5817319457989122,-0.15149971756536204,-0.1506246023683891,0.09232694161007457,-0.25129431014795794,-0.19264658217400155,1.363638402867391,-1.3623009740716303,2.6649739101806693,1
0.2120487170706882,-1.7174386252778797,0.30648206896623487,1.7342353723342332,-2.0588055977272273,-0.4178138935757674,1.5267788830148614,-0.8342177566633009,-4.229931357065038,1.6900132705709703,0.49232090431800535,-0.29575661972778844,-2.2410168999027107,-0.5345988899294217,0.5333665091904165,0.8914983677395986,0.9100625766380545,0.43945477070127126,1.1610482690705222,0.5560702936056164,1
-0.011496786374434506,-0.6701544267420579,-0.5098447746889051,0.7033073679535037,0.8574703501204041,0.2571150214394392,1.5412756195056336,-0.09327664835057202,-1.171518901016979,2.7185434362976397,1.5262828221707436,-0.3595602332791079,-0.6886622980329332,2.04110830612539,-2.7564150744803233,1.373628823946343,-0.38802181103399863,2.470302837123313,-1.3881039194557352,-0.30467818109818756,1
1.1075902699804634,1.0348632866550695,0.4619796073533445,-0.42334025830202804,-0.18013909422613944,0.6248470213346113,1.9522149762153924,2.654548702405873,-2.536900706641638,2.0377052480320526,0.568099261570011,0.3666205051549479,-1.0992346669202204,0.5149401167036667,-0.7409015024926124,0.32194545603830854,0.2992790720652863,1.95482495070559,-0.1174310816220211,-0.3240220247807837,1
-0.5031180940601496,-0.9602553187365631,-0.35567573184942447,-0.1635031381653011,-0.9501802871310765,1.1165890224971884,1.9616662450975149,0.5329401013248909,-1.9107967505810928,1.6681797091650203,-1.1927908905177649,0.7378135330098089,2.1472513012686,-1.2810920505949088,-1.546182316545292,0.5350997139620567,0.560354367547596,2.113000718105369,-2.0494032180421464,-1.3426984033788916,1
